STRUCTURE,STRUCTURE_ID,STRUCTURE_NAME,ACTION,MEASURE,Traffic Measure,UNIT_MEASURE,Unit of measure,REF_AREA,Reference area,FREQ,Frequency,TRA_TYPE,Accident Type,INJ_DEG,Degree of Injury,TRA_VIO,Traffic Violation,CIVIL_RESC,Civil Defense Rescue Team,SEC_AGE,Age Group,SEC_GENDER,Gender,SEC_MAR,Marital Status,SOURCE_DETAIL,Source,TIME_PERIOD,Time period,OBS_VALUE,Observation value,DECIMALS,Decimals,OBS_STATUS,Observation status,UNIT_MULT,Unit multiplier
DATAFLOW,FCSA:DF_TRA(3.0.0),"Number of Traffic Accidents, Injuries, Deaths and Fine by Emirate",I,TRA,Traffic Accidents,NUMBER,Number,AE,UAE,A,Annual,_Z,Not Applicable,_Z,Not Applicable,_Z,Not Applicable,_Z,Not Applicable,_Z,Not Applicable,_Z,Not Applicable,_Z,Not Applicable,MOI,Ministry of Interior,2015,,4796,,,,,,,
DATAFLOW,FCSA:DF_TRA(3.0.0),"Number of Traffic Accidents, Injuries, Deaths and Fine by Emirate",I,TRA,Traffic Accidents,NUMBER,Number,AE,UAE,A,Annual,_Z,Not Applicable,_Z,Not Applicable,_Z,Not Applicable,_Z,Not Applicable,_Z,Not Applicable,_Z,Not Applicable,_Z,Not Applicable,MOI,Ministry of Interior,2016,,4788,,,,,,,
DATAFLOW,FCSA:DF_TRA(3.0.0),"Number of Traffic Accidents, Injuries, Deaths and Fine by Emirate",I,TRA,Traffic Accidents,NUMBER,Number,AE,UAE,A,Annual,_Z,Not Applicable,_Z,Not Applicable,_Z,Not Applicable,_Z,Not Applicable,_Z,Not Applicable,_Z,Not Applicable,_Z,Not Applicable,MOI,Ministry of Interior,2017,,4103,,,,,,,
DATAFLOW,FCSA:DF_TRA(3.0.0),"Number of Traffic Accidents, Injuries, Deaths and Fine by Emirate",I,TRA,Traffic Accidents,NUMBER,Number,AE,UAE,A,Annual,_Z,Not Applicable,_Z,Not Applicable,_Z,Not Applicable,_Z,Not Applicable,_Z,Not Applicable,_Z,Not Applicable,_Z,Not Applicable,MOI,Ministry of Interior,2018,,3712,,,,,,,
DATAFLOW,FCSA:DF_TRA(3.0.0),"Number of Traffic Accidents, Injuries, Deaths and Fine by Emirate",I,TRA,Traffic Accidents,NUMBER,Number,AE,UAE,A,Annual,_Z,Not Applicable,_Z,Not Applicable,_Z,Not Applicable,_Z,Not Applicable,_Z,Not Applicable,_Z,Not Applicable,_Z,Not Applicable,MOI,Ministry of Interior,2019,,4206,,,,,,,
DATAFLOW,FCSA:DF_TRA(3.0.0),"Number of Traffic Accidents, Injuries, Deaths and Fine by Emirate",I,TRA,Traffic Accidents,NUMBER,Number,AE,UAE,A,Annual,_Z,Not Applicable,_Z,Not Applicable,_Z,Not Applicable,_Z,Not Applicable,_Z,Not Applicable,_Z,Not Applicable,_Z,Not Applicable,MOI,Ministry of Interior,2020,,2931,,,,,,,
DATAFLOW,FCSA:DF_TRA(3.0.0),"Number of Traffic Accidents, Injuries, Deaths and Fine by Emirate",I,TRA,Traffic Accidents,NUMBER,Number,AE,UAE,A,Annual,_Z,Not Applicable,_Z,Not Applicable,_Z,Not Applicable,_Z,Not Applicable,_Z,Not Applicable,_Z,Not Applicable,_Z,Not Applicable,MOI,Ministry of Interior,2021,,3488,,,,,,,
DATAFLOW,FCSA:DF_TRA(3.0.0),"Number of Traffic Accidents, Injuries, Deaths and Fine by Emirate",I,TRA,Traffic Accidents,NUMBER,Number,AE,UAE,A,Annual,_Z,Not Applicable,_Z,Not Applicable,_Z,Not Applicable,_Z,Not Applicable,_Z,Not Applicable,_Z,Not Applicable,_Z,Not Applicable,MOI,Ministry of Interior,2022,,3945,,,,,,,
DATAFLOW,FCSA:DF_TRA(3.0.0),"Number of Traffic Accidents, Injuries, Deaths and Fine by Emirate",I,TRA,Traffic Accidents,NUMBER,Number,AE-AZ,Abu Dhabi,A,Annual,_Z,Not Applicable,_Z,Not Applicable,_Z,Not Applicable,_Z,Not Applicable,_Z,Not Applicable,_Z,Not Applicable,_Z,Not Applicable,MOI,Ministry of Interior,2015,,1803,,,,,,,
DATAFLOW,FCSA:DF_TRA(3.0.0),"Number of Traffic Accidents, Injuries, Deaths and Fine by Emirate",I,TRA,Traffic Accidents,NUMBER,Number,AE-AZ,Abu Dhabi,A,Annual,_Z,Not Applicable,_Z,Not Applicable,_Z,Not Applicable,_Z,Not Applicable,_Z,Not Applicable,_Z,Not Applicable,_Z,Not Applicable,MOI,Ministry of Interior,2016,,1740,,,,,,,
DATAFLOW,FCSA:DF_TRA(3.0.0),"Number of Traffic Accidents, Injuries, Deaths and Fine by Emirate",I,TRA,Traffic Accidents,NUMBER,Number,AE-AZ,Abu Dhabi,A,Annual,_Z,Not Applicable,_Z,Not Applicable,_Z,Not Applicable,_Z,Not Applicable,_Z,Not Applicable,_Z,Not Applicable,_Z,Not Applicable,MOI,Ministry of Interior,2017,,1536,,,,,,,
DATAFLOW,FCSA:DF_TRA(3.0.0),"Number of Traffic Accidents, Injuries, Deaths and Fine by Emirate",I,TRA,Traffic Accidents,NUMBER,Number,AE-AZ,Abu Dhabi,A,Annual,_Z,Not Applicable,_Z,Not Applicable,_Z,Not Applicable,_Z,Not Applicable,_Z,Not Applicable,_Z,Not Applicable,_Z,Not Applicable,MOI,Ministry of Interior,2018,,1469,,,,,,,
DATAFLOW,FCSA:DF_TRA(3.0.0),"Number of Traffic Accidents, Injuries, Deaths and Fine by Emirate",I,TRA,Traffic Accidents,NUMBER,Number,AE-AZ,Abu Dhabi,A,Annual,_Z,Not Applicable,_Z,Not Applicable,_Z,Not Applicable,_Z,Not Applicable,_Z,Not Applicable,_Z,Not Applicable,_Z,Not Applicable,MOI,Ministry of Interior,2019,,1798,,,,,,,
DATAFLOW,FCSA:DF_TRA(3.0.0),"Number of Traffic Accidents, Injuries, Deaths and Fine by Emirate",I,TRA,Traffic Accidents,NUMBER,Number,AE-AZ,Abu Dhabi,A,Annual,_Z,Not Applicable,_Z,Not Applicable,_Z,Not Applicable,_Z,Not Applicable,_Z,Not Applicable,_Z,Not Applicable,_Z,Not Applicable,MOI,Ministry of Interior,2020,,1148,,,,,,,
DATAFLOW,FCSA:DF_TRA(3.0.0),"Number of Traffic Accidents, Injuries, Deaths and Fine by Emirate",I,TRA,Traffic Accidents,NUMBER,Number,AE-DU,Dubai,A,Annual,_Z,Not Applicable,_Z,Not Applicable,_Z,Not Applicable,_Z,Not Applicable,_Z,Not Applicable,_Z,Not Applicable,_Z,Not Applicable,MOI,Ministry of Interior,2015,,1512,,,,,,,
DATAFLOW,FCSA:DF_TRA(3.0.0),"Number of Traffic Accidents, Injuries, Deaths and Fine by Emirate",I,TRA,Traffic Accidents,NUMBER,Number,AE-DU,Dubai,A,Annual,_Z,Not Applicable,_Z,Not Applicable,_Z,Not Applicable,_Z,Not Applicable,_Z,Not Applicable,_Z,Not Applicable,_Z,Not Applicable,MOI,Ministry of Interior,2016,,1447,,,,,,,
DATAFLOW,FCSA:DF_TRA(3.0.0),"Number of Traffic Accidents, Injuries, Deaths and Fine by Emirate",I,TRA,Traffic Accidents,NUMBER,Number,AE-DU,Dubai,A,Annual,_Z,Not Applicable,_Z,Not Applicable,_Z,Not Applicable,_Z,Not Applicable,_Z,Not Applicable,_Z,Not Applicable,_Z,Not Applicable,MOI,Ministry of Interior,2017,,1350,,,,,,,
DATAFLOW,FCSA:DF_TRA(3.0.0),"Number of Traffic Accidents, Injuries, Deaths and Fine by Emirate",I,TRA,Traffic Accidents,NUMBER,Number,AE-DU,Dubai,A,Annual,_Z,Not Applicable,_Z,Not Applicable,_Z,Not Applicable,_Z,Not Applicable,_Z,Not Applicable,_Z,Not Applicable,_Z,Not Applicable,MOI,Ministry of Interior,2018,,1214,,,,,,,
DATAFLOW,FCSA:DF_TRA(3.0.0),"Number of Traffic Accidents, Injuries, Deaths and Fine by Emirate",I,TRA,Traffic Accidents,NUMBER,Number,AE-DU,Dubai,A,Annual,_Z,Not Applicable,_Z,Not Applicable,_Z,Not Applicable,_Z,Not Applicable,_Z,Not Applicable,_Z,Not Applicable,_Z,Not Applicable,MOI,Ministry of Interior,2019,,1360,,,,,,,
DATAFLOW,FCSA:DF_TRA(3.0.0),"Number of Traffic Accidents, Injuries, Deaths and Fine by Emirate",I,TRA,Traffic Accidents,NUMBER,Number,AE-DU,Dubai,A,Annual,_Z,Not Applicable,_Z,Not Applicable,_Z,Not Applicable,_Z,Not Applicable,_Z,Not Applicable,_Z,Not Applicable,_Z,Not Applicable,MOI,Ministry of Interior,2020,,1072,,,,,,,
DATAFLOW,FCSA:DF_TRA(3.0.0),"Number of Traffic Accidents, Injuries, Deaths and Fine by Emirate",I,TRA,Traffic Accidents,NUMBER,Number,AE-SH,Sharjah,A,Annual,_Z,Not Applicable,_Z,Not Applicable,_Z,Not Applicable,_Z,Not Applicable,_Z,Not Applicable,_Z,Not Applicable,_Z,Not Applicable,MOI,Ministry of Interior,2015,,673,,,,,,,
DATAFLOW,FCSA:DF_TRA(3.0.0),"Number of Traffic Accidents, Injuries, Deaths and Fine by Emirate",I,TRA,Traffic Accidents,NUMBER,Number,AE-SH,Sharjah,A,Annual,_Z,Not Applicable,_Z,Not Applicable,_Z,Not Applicable,_Z,Not Applicable,_Z,Not Applicable,_Z,Not Applicable,_Z,Not Applicable,MOI,Ministry of Interior,2016,,592,,,,,,,
DATAFLOW,FCSA:DF_TRA(3.0.0),"Number of Traffic Accidents, Injuries, Deaths and Fine by Emirate",I,TRA,Traffic Accidents,NUMBER,Number,AE-SH,Sharjah,A,Annual,_Z,Not Applicable,_Z,Not Applicable,_Z,Not Applicable,_Z,Not Applicable,_Z,Not Applicable,_Z,Not Applicable,_Z,Not Applicable,MOI,Ministry of Interior,2017,,512,,,,,,,
DATAFLOW,FCSA:DF_TRA(3.0.0),"Number of Traffic Accidents, Injuries, Deaths and Fine by Emirate",I,TRA,Traffic Accidents,NUMBER,Number,AE-SH,Sharjah,A,Annual,_Z,Not Applicable,_Z,Not Applicable,_Z,Not Applicable,_Z,Not Applicable,_Z,Not Applicable,_Z,Not Applicable,_Z,Not Applicable,MOI,Ministry of Interior,2018,,433,,,,,,,
DATAFLOW,FCSA:DF_TRA(3.0.0),"Number of Traffic Accidents, Injuries, Deaths and Fine by Emirate",I,TRA,Traffic Accidents,NUMBER,Number,AE-SH,Sharjah,A,Annual,_Z,Not Applicable,_Z,Not Applicable,_Z,Not Applicable,_Z,Not Applicable,_Z,Not Applicable,_Z,Not Applicable,_Z,Not Applicable,MOI,Ministry of Interior,2019,,521,,,,,,,
DATAFLOW,FCSA:DF_TRA(3.0.0),"Number of Traffic Accidents, Injuries, Deaths and Fine by Emirate",I,TRA,Traffic Accidents,NUMBER,Number,AE-SH,Sharjah,A,Annual,_Z,Not Applicable,_Z,Not Applicable,_Z,Not Applicable,_Z,Not Applicable,_Z,Not Applicable,_Z,Not Applicable,_Z,Not Applicable,MOI,Ministry of Interior,2020,,320,,,,,,,
DATAFLOW,FCSA:DF_TRA(3.0.0),"Number of Traffic Accidents, Injuries, Deaths and Fine by Emirate",I,TRA,Traffic Accidents,NUMBER,Number,AE-AJ,Ajman,A,Annual,_Z,Not Applicable,_Z,Not Applicable,_Z,Not Applicable,_Z,Not Applicable,_Z,Not Applicable,_Z,Not Applicable,_Z,Not Applicable,MOI,Ministry of Interior,2015,,244,,,,,,,
DATAFLOW,FCSA:DF_TRA(3.0.0),"Number of Traffic Accidents, Injuries, Deaths and Fine by Emirate",I,TRA,Traffic Accidents,NUMBER,Number,AE-AJ,Ajman,A,Annual,_Z,Not Applicable,_Z,Not Applicable,_Z,Not Applicable,_Z,Not Applicable,_Z,Not Applicable,_Z,Not Applicable,_Z,Not Applicable,MOI,Ministry of Interior,2016,,262,,,,,,,
DATAFLOW,FCSA:DF_TRA(3.0.0),"Number of Traffic Accidents, Injuries, Deaths and Fine by Emirate",I,TRA,Traffic Accidents,NUMBER,Number,AE-AJ,Ajman,A,Annual,_Z,Not Applicable,_Z,Not Applicable,_Z,Not Applicable,_Z,Not Applicable,_Z,Not Applicable,_Z,Not Applicable,_Z,Not Applicable,MOI,Ministry of Interior,2017,,191,,,,,,,
DATAFLOW,FCSA:DF_TRA(3.0.0),"Number of Traffic Accidents, Injuries, Deaths and Fine by Emirate",I,TRA,Traffic Accidents,NUMBER,Number,AE-AJ,Ajman,A,Annual,_Z,Not Applicable,_Z,Not Applicable,_Z,Not Applicable,_Z,Not Applicable,_Z,Not Applicable,_Z,Not Applicable,_Z,Not Applicable,MOI,Ministry of Interior,2018,,177,,,,,,,
DATAFLOW,FCSA:DF_TRA(3.0.0),"Number of Traffic Accidents, Injuries, Deaths and Fine by Emirate",I,TRA,Traffic Accidents,NUMBER,Number,AE-AJ,Ajman,A,Annual,_Z,Not Applicable,_Z,Not Applicable,_Z,Not Applicable,_Z,Not Applicable,_Z,Not Applicable,_Z,Not Applicable,_Z,Not Applicable,MOI,Ministry of Interior,2019,,168,,,,,,,
DATAFLOW,FCSA:DF_TRA(3.0.0),"Number of Traffic Accidents, Injuries, Deaths and Fine by Emirate",I,TRA,Traffic Accidents,NUMBER,Number,AE-AJ,Ajman,A,Annual,_Z,Not Applicable,_Z,Not Applicable,_Z,Not Applicable,_Z,Not Applicable,_Z,Not Applicable,_Z,Not Applicable,_Z,Not Applicable,MOI,Ministry of Interior,2020,,93,,,,,,,
DATAFLOW,FCSA:DF_TRA(3.0.0),"Number of Traffic Accidents, Injuries, Deaths and Fine by Emirate",I,TRA,Traffic Accidents,NUMBER,Number,AE-UQ,Umm Al Quwain,A,Annual,_Z,Not Applicable,_Z,Not Applicable,_Z,Not Applicable,_Z,Not Applicable,_Z,Not Applicable,_Z,Not Applicable,_Z,Not Applicable,MOI,Ministry of Interior,2015,,66,,,,,,,
DATAFLOW,FCSA:DF_TRA(3.0.0),"Number of Traffic Accidents, Injuries, Deaths and Fine by Emirate",I,TRA,Traffic Accidents,NUMBER,Number,AE-UQ,Umm Al Quwain,A,Annual,_Z,Not Applicable,_Z,Not Applicable,_Z,Not Applicable,_Z,Not Applicable,_Z,Not Applicable,_Z,Not Applicable,_Z,Not Applicable,MOI,Ministry of Interior,2016,,69,,,,,,,
DATAFLOW,FCSA:DF_TRA(3.0.0),"Number of Traffic Accidents, Injuries, Deaths and Fine by Emirate",I,TRA,Traffic Accidents,NUMBER,Number,AE-UQ,Umm Al Quwain,A,Annual,_Z,Not Applicable,_Z,Not Applicable,_Z,Not Applicable,_Z,Not Applicable,_Z,Not Applicable,_Z,Not Applicable,_Z,Not Applicable,MOI,Ministry of Interior,2017,,51,,,,,,,
DATAFLOW,FCSA:DF_TRA(3.0.0),"Number of Traffic Accidents, Injuries, Deaths and Fine by Emirate",I,TRA,Traffic Accidents,NUMBER,Number,AE-UQ,Umm Al Quwain,A,Annual,_Z,Not Applicable,_Z,Not Applicable,_Z,Not Applicable,_Z,Not Applicable,_Z,Not Applicable,_Z,Not Applicable,_Z,Not Applicable,MOI,Ministry of Interior,2018,,52,,,,,,,
DATAFLOW,FCSA:DF_TRA(3.0.0),"Number of Traffic Accidents, Injuries, Deaths and Fine by Emirate",I,TRA,Traffic Accidents,NUMBER,Number,AE-UQ,Umm Al Quwain,A,Annual,_Z,Not Applicable,_Z,Not Applicable,_Z,Not Applicable,_Z,Not Applicable,_Z,Not Applicable,_Z,Not Applicable,_Z,Not Applicable,MOI,Ministry of Interior,2019,,37,,,,,,,
DATAFLOW,FCSA:DF_TRA(3.0.0),"Number of Traffic Accidents, Injuries, Deaths and Fine by Emirate",I,TRA,Traffic Accidents,NUMBER,Number,AE-UQ,Umm Al Quwain,A,Annual,_Z,Not Applicable,_Z,Not Applicable,_Z,Not Applicable,_Z,Not Applicable,_Z,Not Applicable,_Z,Not Applicable,_Z,Not Applicable,MOI,Ministry of Interior,2020,,42,,,,,,,
DATAFLOW,FCSA:DF_TRA(3.0.0),"Number of Traffic Accidents, Injuries, Deaths and Fine by Emirate",I,TRA,Traffic Accidents,NUMBER,Number,AE-RK,Ras Al Khaimah,A,Annual,_Z,Not Applicable,_Z,Not Applicable,_Z,Not Applicable,_Z,Not Applicable,_Z,Not Applicable,_Z,Not Applicable,_Z,Not Applicable,MOI,Ministry of Interior,2015,,322,,,,,,,
DATAFLOW,FCSA:DF_TRA(3.0.0),"Number of Traffic Accidents, Injuries, Deaths and Fine by Emirate",I,TRA,Traffic Accidents,NUMBER,Number,AE-RK,Ras Al Khaimah,A,Annual,_Z,Not Applicable,_Z,Not Applicable,_Z,Not Applicable,_Z,Not Applicable,_Z,Not Applicable,_Z,Not Applicable,_Z,Not Applicable,MOI,Ministry of Interior,2016,,510,,,,,,,
DATAFLOW,FCSA:DF_TRA(3.0.0),"Number of Traffic Accidents, Injuries, Deaths and Fine by Emirate",I,TRA,Traffic Accidents,NUMBER,Number,AE-RK,Ras Al Khaimah,A,Annual,_Z,Not Applicable,_Z,Not Applicable,_Z,Not Applicable,_Z,Not Applicable,_Z,Not Applicable,_Z,Not Applicable,_Z,Not Applicable,MOI,Ministry of Interior,2017,,242,,,,,,,
DATAFLOW,FCSA:DF_TRA(3.0.0),"Number of Traffic Accidents, Injuries, Deaths and Fine by Emirate",I,TRA,Traffic Accidents,NUMBER,Number,AE-RK,Ras Al Khaimah,A,Annual,_Z,Not Applicable,_Z,Not Applicable,_Z,Not Applicable,_Z,Not Applicable,_Z,Not Applicable,_Z,Not Applicable,_Z,Not Applicable,MOI,Ministry of Interior,2018,,201,,,,,,,
DATAFLOW,FCSA:DF_TRA(3.0.0),"Number of Traffic Accidents, Injuries, Deaths and Fine by Emirate",I,TRA,Traffic Accidents,NUMBER,Number,AE-RK,Ras Al Khaimah,A,Annual,_Z,Not Applicable,_Z,Not Applicable,_Z,Not Applicable,_Z,Not Applicable,_Z,Not Applicable,_Z,Not Applicable,_Z,Not Applicable,MOI,Ministry of Interior,2019,,186,,,,,,,
DATAFLOW,FCSA:DF_TRA(3.0.0),"Number of Traffic Accidents, Injuries, Deaths and Fine by Emirate",I,TRA,Traffic Accidents,NUMBER,Number,AE-RK,Ras Al Khaimah,A,Annual,_Z,Not Applicable,_Z,Not Applicable,_Z,Not Applicable,_Z,Not Applicable,_Z,Not Applicable,_Z,Not Applicable,_Z,Not Applicable,MOI,Ministry of Interior,2020,,134,,,,,,,
DATAFLOW,FCSA:DF_TRA(3.0.0),"Number of Traffic Accidents, Injuries, Deaths and Fine by Emirate",I,TRA,Traffic Accidents,NUMBER,Number,AE-FJ,Fujairah,A,Annual,_Z,Not Applicable,_Z,Not Applicable,_Z,Not Applicable,_Z,Not Applicable,_Z,Not Applicable,_Z,Not Applicable,_Z,Not Applicable,MOI,Ministry of Interior,2015,,176,,,,,,,
DATAFLOW,FCSA:DF_TRA(3.0.0),"Number of Traffic Accidents, Injuries, Deaths and Fine by Emirate",I,TRA,Traffic Accidents,NUMBER,Number,AE-FJ,Fujairah,A,Annual,_Z,Not Applicable,_Z,Not Applicable,_Z,Not Applicable,_Z,Not Applicable,_Z,Not Applicable,_Z,Not Applicable,_Z,Not Applicable,MOI,Ministry of Interior,2016,,168,,,,,,,
DATAFLOW,FCSA:DF_TRA(3.0.0),"Number of Traffic Accidents, Injuries, Deaths and Fine by Emirate",I,TRA,Traffic Accidents,NUMBER,Number,AE-FJ,Fujairah,A,Annual,_Z,Not Applicable,_Z,Not Applicable,_Z,Not Applicable,_Z,Not Applicable,_Z,Not Applicable,_Z,Not Applicable,_Z,Not Applicable,MOI,Ministry of Interior,2017,,221,,,,,,,
DATAFLOW,FCSA:DF_TRA(3.0.0),"Number of Traffic Accidents, Injuries, Deaths and Fine by Emirate",I,TRA,Traffic Accidents,NUMBER,Number,AE-FJ,Fujairah,A,Annual,_Z,Not Applicable,_Z,Not Applicable,_Z,Not Applicable,_Z,Not Applicable,_Z,Not Applicable,_Z,Not Applicable,_Z,Not Applicable,MOI,Ministry of Interior,2018,,166,,,,,,,
DATAFLOW,FCSA:DF_TRA(3.0.0),"Number of Traffic Accidents, Injuries, Deaths and Fine by Emirate",I,TRA,Traffic Accidents,NUMBER,Number,AE-FJ,Fujairah,A,Annual,_Z,Not Applicable,_Z,Not Applicable,_Z,Not Applicable,_Z,Not Applicable,_Z,Not Applicable,_Z,Not Applicable,_Z,Not Applicable,MOI,Ministry of Interior,2019,,136,,,,,,,
DATAFLOW,FCSA:DF_TRA(3.0.0),"Number of Traffic Accidents, Injuries, Deaths and Fine by Emirate",I,TRA,Traffic Accidents,NUMBER,Number,AE-FJ,Fujairah,A,Annual,_Z,Not Applicable,_Z,Not Applicable,_Z,Not Applicable,_Z,Not Applicable,_Z,Not Applicable,_Z,Not Applicable,_Z,Not Applicable,MOI,Ministry of Interior,2020,,122,,,,,,,
DATAFLOW,FCSA:DF_TRA(3.0.0),"Number of Traffic Accidents, Injuries, Deaths and Fine by Emirate",I,INJ,Traffic Injuries,NUMBER,Number,AE,UAE,A,Annual,_Z,Not Applicable,_Z,Not Applicable,_Z,Not Applicable,_Z,Not Applicable,_Z,Not Applicable,_Z,Not Applicable,_Z,Not Applicable,MOI,Ministry of Interior,2015,,6876,,,,,,,
DATAFLOW,FCSA:DF_TRA(3.0.0),"Number of Traffic Accidents, Injuries, Deaths and Fine by Emirate",I,INJ,Traffic Injuries,NUMBER,Number,AE,UAE,A,Annual,_Z,Not Applicable,_Z,Not Applicable,_Z,Not Applicable,_Z,Not Applicable,_Z,Not Applicable,_Z,Not Applicable,_Z,Not Applicable,MOI,Ministry of Interior,2016,,6681,,,,,,,
DATAFLOW,FCSA:DF_TRA(3.0.0),"Number of Traffic Accidents, Injuries, Deaths and Fine by Emirate",I,INJ,Traffic Injuries,NUMBER,Number,AE,UAE,A,Annual,_Z,Not Applicable,_Z,Not Applicable,_Z,Not Applicable,_Z,Not Applicable,_Z,Not Applicable,_Z,Not Applicable,_Z,Not Applicable,MOI,Ministry of Interior,2017,,5861,,,,,,,
DATAFLOW,FCSA:DF_TRA(3.0.0),"Number of Traffic Accidents, Injuries, Deaths and Fine by Emirate",I,INJ,Traffic Injuries,NUMBER,Number,AE,UAE,A,Annual,_Z,Not Applicable,_Z,Not Applicable,_Z,Not Applicable,_Z,Not Applicable,_Z,Not Applicable,_Z,Not Applicable,_Z,Not Applicable,MOI,Ministry of Interior,2018,,5130,,,,,,,
DATAFLOW,FCSA:DF_TRA(3.0.0),"Number of Traffic Accidents, Injuries, Deaths and Fine by Emirate",I,INJ,Traffic Injuries,NUMBER,Number,AE,UAE,A,Annual,_Z,Not Applicable,_Z,Not Applicable,_Z,Not Applicable,_Z,Not Applicable,_Z,Not Applicable,_Z,Not Applicable,_Z,Not Applicable,MOI,Ministry of Interior,2019,,5814,,,,,,,
DATAFLOW,FCSA:DF_TRA(3.0.0),"Number of Traffic Accidents, Injuries, Deaths and Fine by Emirate",I,INJ,Traffic Injuries,NUMBER,Number,AE,UAE,A,Annual,_Z,Not Applicable,_Z,Not Applicable,_Z,Not Applicable,_Z,Not Applicable,_Z,Not Applicable,_Z,Not Applicable,_Z,Not Applicable,MOI,Ministry of Interior,2020,,3727,,,,,,,
DATAFLOW,FCSA:DF_TRA(3.0.0),"Number of Traffic Accidents, Injuries, Deaths and Fine by Emirate",I,INJ,Traffic Injuries,NUMBER,Number,AE,UAE,A,Annual,_Z,Not Applicable,_Z,Not Applicable,_Z,Not Applicable,_Z,Not Applicable,_Z,Not Applicable,_Z,Not Applicable,_Z,Not Applicable,MOI,Ministry of Interior,2021,,4376,,,,,,,
DATAFLOW,FCSA:DF_TRA(3.0.0),"Number of Traffic Accidents, Injuries, Deaths and Fine by Emirate",I,INJ,Traffic Injuries,NUMBER,Number,AE,UAE,A,Annual,_Z,Not Applicable,_Z,Not Applicable,_Z,Not Applicable,_Z,Not Applicable,_Z,Not Applicable,_Z,Not Applicable,_Z,Not Applicable,MOI,Ministry of Interior,2022,,5009,,,,,,,
DATAFLOW,FCSA:DF_TRA(3.0.0),"Number of Traffic Accidents, Injuries, Deaths and Fine by Emirate",I,INJ,Traffic Injuries,NUMBER,Number,AE-AZ,Abu Dhabi,A,Annual,_Z,Not Applicable,_Z,Not Applicable,_Z,Not Applicable,_Z,Not Applicable,_Z,Not Applicable,_Z,Not Applicable,_Z,Not Applicable,MOI,Ministry of Interior,2015,,2783,,,,,,,
DATAFLOW,FCSA:DF_TRA(3.0.0),"Number of Traffic Accidents, Injuries, Deaths and Fine by Emirate",I,INJ,Traffic Injuries,NUMBER,Number,AE-AZ,Abu Dhabi,A,Annual,_Z,Not Applicable,_Z,Not Applicable,_Z,Not Applicable,_Z,Not Applicable,_Z,Not Applicable,_Z,Not Applicable,_Z,Not Applicable,MOI,Ministry of Interior,2016,,2472,,,,,,,
DATAFLOW,FCSA:DF_TRA(3.0.0),"Number of Traffic Accidents, Injuries, Deaths and Fine by Emirate",I,INJ,Traffic Injuries,NUMBER,Number,AE-AZ,Abu Dhabi,A,Annual,_Z,Not Applicable,_Z,Not Applicable,_Z,Not Applicable,_Z,Not Applicable,_Z,Not Applicable,_Z,Not Applicable,_Z,Not Applicable,MOI,Ministry of Interior,2017,,2242,,,,,,,
DATAFLOW,FCSA:DF_TRA(3.0.0),"Number of Traffic Accidents, Injuries, Deaths and Fine by Emirate",I,INJ,Traffic Injuries,NUMBER,Number,AE-AZ,Abu Dhabi,A,Annual,_Z,Not Applicable,_Z,Not Applicable,_Z,Not Applicable,_Z,Not Applicable,_Z,Not Applicable,_Z,Not Applicable,_Z,Not Applicable,MOI,Ministry of Interior,2018,,2162,,,,,,,
DATAFLOW,FCSA:DF_TRA(3.0.0),"Number of Traffic Accidents, Injuries, Deaths and Fine by Emirate",I,INJ,Traffic Injuries,NUMBER,Number,AE-AZ,Abu Dhabi,A,Annual,_Z,Not Applicable,_Z,Not Applicable,_Z,Not Applicable,_Z,Not Applicable,_Z,Not Applicable,_Z,Not Applicable,_Z,Not Applicable,MOI,Ministry of Interior,2019,,2547,,,,,,,
DATAFLOW,FCSA:DF_TRA(3.0.0),"Number of Traffic Accidents, Injuries, Deaths and Fine by Emirate",I,INJ,Traffic Injuries,NUMBER,Number,AE-AZ,Abu Dhabi,A,Annual,_Z,Not Applicable,_Z,Not Applicable,_Z,Not Applicable,_Z,Not Applicable,_Z,Not Applicable,_Z,Not Applicable,_Z,Not Applicable,MOI,Ministry of Interior,2020,,1552,,,,,,,
DATAFLOW,FCSA:DF_TRA(3.0.0),"Number of Traffic Accidents, Injuries, Deaths and Fine by Emirate",I,INJ,Traffic Injuries,NUMBER,Number,AE-DU,Dubai,A,Annual,_Z,Not Applicable,_Z,Not Applicable,_Z,Not Applicable,_Z,Not Applicable,_Z,Not Applicable,_Z,Not Applicable,_Z,Not Applicable,MOI,Ministry of Interior,2015,,2189,,,,,,,
DATAFLOW,FCSA:DF_TRA(3.0.0),"Number of Traffic Accidents, Injuries, Deaths and Fine by Emirate",I,INJ,Traffic Injuries,NUMBER,Number,AE-DU,Dubai,A,Annual,_Z,Not Applicable,_Z,Not Applicable,_Z,Not Applicable,_Z,Not Applicable,_Z,Not Applicable,_Z,Not Applicable,_Z,Not Applicable,MOI,Ministry of Interior,2016,,1993,,,,,,,
DATAFLOW,FCSA:DF_TRA(3.0.0),"Number of Traffic Accidents, Injuries, Deaths and Fine by Emirate",I,INJ,Traffic Injuries,NUMBER,Number,AE-DU,Dubai,A,Annual,_Z,Not Applicable,_Z,Not Applicable,_Z,Not Applicable,_Z,Not Applicable,_Z,Not Applicable,_Z,Not Applicable,_Z,Not Applicable,MOI,Ministry of Interior,2017,,1922,,,,,,,
DATAFLOW,FCSA:DF_TRA(3.0.0),"Number of Traffic Accidents, Injuries, Deaths and Fine by Emirate",I,INJ,Traffic Injuries,NUMBER,Number,AE-DU,Dubai,A,Annual,_Z,Not Applicable,_Z,Not Applicable,_Z,Not Applicable,_Z,Not Applicable,_Z,Not Applicable,_Z,Not Applicable,_Z,Not Applicable,MOI,Ministry of Interior,2018,,1670,,,,,,,
DATAFLOW,FCSA:DF_TRA(3.0.0),"Number of Traffic Accidents, Injuries, Deaths and Fine by Emirate",I,INJ,Traffic Injuries,NUMBER,Number,AE-DU,Dubai,A,Annual,_Z,Not Applicable,_Z,Not Applicable,_Z,Not Applicable,_Z,Not Applicable,_Z,Not Applicable,_Z,Not Applicable,_Z,Not Applicable,MOI,Ministry of Interior,2019,,1894,,,,,,,
DATAFLOW,FCSA:DF_TRA(3.0.0),"Number of Traffic Accidents, Injuries, Deaths and Fine by Emirate",I,INJ,Traffic Injuries,NUMBER,Number,AE-DU,Dubai,A,Annual,_Z,Not Applicable,_Z,Not Applicable,_Z,Not Applicable,_Z,Not Applicable,_Z,Not Applicable,_Z,Not Applicable,_Z,Not Applicable,MOI,Ministry of Interior,2020,,1302,,,,,,,
DATAFLOW,FCSA:DF_TRA(3.0.0),"Number of Traffic Accidents, Injuries, Deaths and Fine by Emirate",I,INJ,Traffic Injuries,NUMBER,Number,AE-SH,Sharjah,A,Annual,_Z,Not Applicable,_Z,Not Applicable,_Z,Not Applicable,_Z,Not Applicable,_Z,Not Applicable,_Z,Not Applicable,_Z,Not Applicable,MOI,Ministry of Interior,2015,,812,,,,,,,
DATAFLOW,FCSA:DF_TRA(3.0.0),"Number of Traffic Accidents, Injuries, Deaths and Fine by Emirate",I,INJ,Traffic Injuries,NUMBER,Number,AE-SH,Sharjah,A,Annual,_Z,Not Applicable,_Z,Not Applicable,_Z,Not Applicable,_Z,Not Applicable,_Z,Not Applicable,_Z,Not Applicable,_Z,Not Applicable,MOI,Ministry of Interior,2016,,761,,,,,,,
DATAFLOW,FCSA:DF_TRA(3.0.0),"Number of Traffic Accidents, Injuries, Deaths and Fine by Emirate",I,INJ,Traffic Injuries,NUMBER,Number,AE-SH,Sharjah,A,Annual,_Z,Not Applicable,_Z,Not Applicable,_Z,Not Applicable,_Z,Not Applicable,_Z,Not Applicable,_Z,Not Applicable,_Z,Not Applicable,MOI,Ministry of Interior,2017,,696,,,,,,,
DATAFLOW,FCSA:DF_TRA(3.0.0),"Number of Traffic Accidents, Injuries, Deaths and Fine by Emirate",I,INJ,Traffic Injuries,NUMBER,Number,AE-SH,Sharjah,A,Annual,_Z,Not Applicable,_Z,Not Applicable,_Z,Not Applicable,_Z,Not Applicable,_Z,Not Applicable,_Z,Not Applicable,_Z,Not Applicable,MOI,Ministry of Interior,2018,,506,,,,,,,
DATAFLOW,FCSA:DF_TRA(3.0.0),"Number of Traffic Accidents, Injuries, Deaths and Fine by Emirate",I,INJ,Traffic Injuries,NUMBER,Number,AE-SH,Sharjah,A,Annual,_Z,Not Applicable,_Z,Not Applicable,_Z,Not Applicable,_Z,Not Applicable,_Z,Not Applicable,_Z,Not Applicable,_Z,Not Applicable,MOI,Ministry of Interior,2019,,673,,,,,,,
DATAFLOW,FCSA:DF_TRA(3.0.0),"Number of Traffic Accidents, Injuries, Deaths and Fine by Emirate",I,INJ,Traffic Injuries,NUMBER,Number,AE-SH,Sharjah,A,Annual,_Z,Not Applicable,_Z,Not Applicable,_Z,Not Applicable,_Z,Not Applicable,_Z,Not Applicable,_Z,Not Applicable,_Z,Not Applicable,MOI,Ministry of Interior,2020,,403,,,,,,,
DATAFLOW,FCSA:DF_TRA(3.0.0),"Number of Traffic Accidents, Injuries, Deaths and Fine by Emirate",I,INJ,Traffic Injuries,NUMBER,Number,AE-AJ,Ajman,A,Annual,_Z,Not Applicable,_Z,Not Applicable,_Z,Not Applicable,_Z,Not Applicable,_Z,Not Applicable,_Z,Not Applicable,_Z,Not Applicable,MOI,Ministry of Interior,2015,,324,,,,,,,
DATAFLOW,FCSA:DF_TRA(3.0.0),"Number of Traffic Accidents, Injuries, Deaths and Fine by Emirate",I,INJ,Traffic Injuries,NUMBER,Number,AE-AJ,Ajman,A,Annual,_Z,Not Applicable,_Z,Not Applicable,_Z,Not Applicable,_Z,Not Applicable,_Z,Not Applicable,_Z,Not Applicable,_Z,Not Applicable,MOI,Ministry of Interior,2016,,388,,,,,,,
DATAFLOW,FCSA:DF_TRA(3.0.0),"Number of Traffic Accidents, Injuries, Deaths and Fine by Emirate",I,INJ,Traffic Injuries,NUMBER,Number,AE-AJ,Ajman,A,Annual,_Z,Not Applicable,_Z,Not Applicable,_Z,Not Applicable,_Z,Not Applicable,_Z,Not Applicable,_Z,Not Applicable,_Z,Not Applicable,MOI,Ministry of Interior,2017,,244,,,,,,,
DATAFLOW,FCSA:DF_TRA(3.0.0),"Number of Traffic Accidents, Injuries, Deaths and Fine by Emirate",I,INJ,Traffic Injuries,NUMBER,Number,AE-AJ,Ajman,A,Annual,_Z,Not Applicable,_Z,Not Applicable,_Z,Not Applicable,_Z,Not Applicable,_Z,Not Applicable,_Z,Not Applicable,_Z,Not Applicable,MOI,Ministry of Interior,2018,,212,,,,,,,
DATAFLOW,FCSA:DF_TRA(3.0.0),"Number of Traffic Accidents, Injuries, Deaths and Fine by Emirate",I,INJ,Traffic Injuries,NUMBER,Number,AE-AJ,Ajman,A,Annual,_Z,Not Applicable,_Z,Not Applicable,_Z,Not Applicable,_Z,Not Applicable,_Z,Not Applicable,_Z,Not Applicable,_Z,Not Applicable,MOI,Ministry of Interior,2019,,237,,,,,,,
DATAFLOW,FCSA:DF_TRA(3.0.0),"Number of Traffic Accidents, Injuries, Deaths and Fine by Emirate",I,INJ,Traffic Injuries,NUMBER,Number,AE-AJ,Ajman,A,Annual,_Z,Not Applicable,_Z,Not Applicable,_Z,Not Applicable,_Z,Not Applicable,_Z,Not Applicable,_Z,Not Applicable,_Z,Not Applicable,MOI,Ministry of Interior,2020,,98,,,,,,,
DATAFLOW,FCSA:DF_TRA(3.0.0),"Number of Traffic Accidents, Injuries, Deaths and Fine by Emirate",I,INJ,Traffic Injuries,NUMBER,Number,AE-UQ,Umm Al Quwain,A,Annual,_Z,Not Applicable,_Z,Not Applicable,_Z,Not Applicable,_Z,Not Applicable,_Z,Not Applicable,_Z,Not Applicable,_Z,Not Applicable,MOI,Ministry of Interior,2015,,78,,,,,,,
DATAFLOW,FCSA:DF_TRA(3.0.0),"Number of Traffic Accidents, Injuries, Deaths and Fine by Emirate",I,INJ,Traffic Injuries,NUMBER,Number,AE-UQ,Umm Al Quwain,A,Annual,_Z,Not Applicable,_Z,Not Applicable,_Z,Not Applicable,_Z,Not Applicable,_Z,Not Applicable,_Z,Not Applicable,_Z,Not Applicable,MOI,Ministry of Interior,2016,,87,,,,,,,
DATAFLOW,FCSA:DF_TRA(3.0.0),"Number of Traffic Accidents, Injuries, Deaths and Fine by Emirate",I,INJ,Traffic Injuries,NUMBER,Number,AE-UQ,Umm Al Quwain,A,Annual,_Z,Not Applicable,_Z,Not Applicable,_Z,Not Applicable,_Z,Not Applicable,_Z,Not Applicable,_Z,Not Applicable,_Z,Not Applicable,MOI,Ministry of Interior,2017,,84,,,,,,,
DATAFLOW,FCSA:DF_TRA(3.0.0),"Number of Traffic Accidents, Injuries, Deaths and Fine by Emirate",I,INJ,Traffic Injuries,NUMBER,Number,AE-UQ,Umm Al Quwain,A,Annual,_Z,Not Applicable,_Z,Not Applicable,_Z,Not Applicable,_Z,Not Applicable,_Z,Not Applicable,_Z,Not Applicable,_Z,Not Applicable,MOI,Ministry of Interior,2018,,58,,,,,,,
DATAFLOW,FCSA:DF_TRA(3.0.0),"Number of Traffic Accidents, Injuries, Deaths and Fine by Emirate",I,INJ,Traffic Injuries,NUMBER,Number,AE-UQ,Umm Al Quwain,A,Annual,_Z,Not Applicable,_Z,Not Applicable,_Z,Not Applicable,_Z,Not Applicable,_Z,Not Applicable,_Z,Not Applicable,_Z,Not Applicable,MOI,Ministry of Interior,2019,,39,,,,,,,
DATAFLOW,FCSA:DF_TRA(3.0.0),"Number of Traffic Accidents, Injuries, Deaths and Fine by Emirate",I,INJ,Traffic Injuries,NUMBER,Number,AE-UQ,Umm Al Quwain,A,Annual,_Z,Not Applicable,_Z,Not Applicable,_Z,Not Applicable,_Z,Not Applicable,_Z,Not Applicable,_Z,Not Applicable,_Z,Not Applicable,MOI,Ministry of Interior,2020,,50,,,,,,,
DATAFLOW,FCSA:DF_TRA(3.0.0),"Number of Traffic Accidents, Injuries, Deaths and Fine by Emirate",I,INJ,Traffic Injuries,NUMBER,Number,AE-RK,Ras Al Khaimah,A,Annual,_Z,Not Applicable,_Z,Not Applicable,_Z,Not Applicable,_Z,Not Applicable,_Z,Not Applicable,_Z,Not Applicable,_Z,Not Applicable,MOI,Ministry of Interior,2015,,441,,,,,,,
DATAFLOW,FCSA:DF_TRA(3.0.0),"Number of Traffic Accidents, Injuries, Deaths and Fine by Emirate",I,INJ,Traffic Injuries,NUMBER,Number,AE-RK,Ras Al Khaimah,A,Annual,_Z,Not Applicable,_Z,Not Applicable,_Z,Not Applicable,_Z,Not Applicable,_Z,Not Applicable,_Z,Not Applicable,_Z,Not Applicable,MOI,Ministry of Interior,2016,,726,,,,,,,
DATAFLOW,FCSA:DF_TRA(3.0.0),"Number of Traffic Accidents, Injuries, Deaths and Fine by Emirate",I,INJ,Traffic Injuries,NUMBER,Number,AE-RK,Ras Al Khaimah,A,Annual,_Z,Not Applicable,_Z,Not Applicable,_Z,Not Applicable,_Z,Not Applicable,_Z,Not Applicable,_Z,Not Applicable,_Z,Not Applicable,MOI,Ministry of Interior,2017,,336,,,,,,,
DATAFLOW,FCSA:DF_TRA(3.0.0),"Number of Traffic Accidents, Injuries, Deaths and Fine by Emirate",I,INJ,Traffic Injuries,NUMBER,Number,AE-RK,Ras Al Khaimah,A,Annual,_Z,Not Applicable,_Z,Not Applicable,_Z,Not Applicable,_Z,Not Applicable,_Z,Not Applicable,_Z,Not Applicable,_Z,Not Applicable,MOI,Ministry of Interior,2018,,265,,,,,,,
DATAFLOW,FCSA:DF_TRA(3.0.0),"Number of Traffic Accidents, Injuries, Deaths and Fine by Emirate",I,INJ,Traffic Injuries,NUMBER,Number,AE-RK,Ras Al Khaimah,A,Annual,_Z,Not Applicable,_Z,Not Applicable,_Z,Not Applicable,_Z,Not Applicable,_Z,Not Applicable,_Z,Not Applicable,_Z,Not Applicable,MOI,Ministry of Interior,2019,,245,,,,,,,
DATAFLOW,FCSA:DF_TRA(3.0.0),"Number of Traffic Accidents, Injuries, Deaths and Fine by Emirate",I,INJ,Traffic Injuries,NUMBER,Number,AE-RK,Ras Al Khaimah,A,Annual,_Z,Not Applicable,_Z,Not Applicable,_Z,Not Applicable,_Z,Not Applicable,_Z,Not Applicable,_Z,Not Applicable,_Z,Not Applicable,MOI,Ministry of Interior,2020,,153,,,,,,,
DATAFLOW,FCSA:DF_TRA(3.0.0),"Number of Traffic Accidents, Injuries, Deaths and Fine by Emirate",I,INJ,Traffic Injuries,NUMBER,Number,AE-FJ,Fujairah,A,Annual,_Z,Not Applicable,_Z,Not Applicable,_Z,Not Applicable,_Z,Not Applicable,_Z,Not Applicable,_Z,Not Applicable,_Z,Not Applicable,MOI,Ministry of Interior,2015,,249,,,,,,,
DATAFLOW,FCSA:DF_TRA(3.0.0),"Number of Traffic Accidents, Injuries, Deaths and Fine by Emirate",I,INJ,Traffic Injuries,NUMBER,Number,AE-FJ,Fujairah,A,Annual,_Z,Not Applicable,_Z,Not Applicable,_Z,Not Applicable,_Z,Not Applicable,_Z,Not Applicable,_Z,Not Applicable,_Z,Not Applicable,MOI,Ministry of Interior,2016,,254,,,,,,,
DATAFLOW,FCSA:DF_TRA(3.0.0),"Number of Traffic Accidents, Injuries, Deaths and Fine by Emirate",I,INJ,Traffic Injuries,NUMBER,Number,AE-FJ,Fujairah,A,Annual,_Z,Not Applicable,_Z,Not Applicable,_Z,Not Applicable,_Z,Not Applicable,_Z,Not Applicable,_Z,Not Applicable,_Z,Not Applicable,MOI,Ministry of Interior,2017,,337,,,,,,,
DATAFLOW,FCSA:DF_TRA(3.0.0),"Number of Traffic Accidents, Injuries, Deaths and Fine by Emirate",I,INJ,Traffic Injuries,NUMBER,Number,AE-FJ,Fujairah,A,Annual,_Z,Not Applicable,_Z,Not Applicable,_Z,Not Applicable,_Z,Not Applicable,_Z,Not Applicable,_Z,Not Applicable,_Z,Not Applicable,MOI,Ministry of Interior,2018,,257,,,,,,,
DATAFLOW,FCSA:DF_TRA(3.0.0),"Number of Traffic Accidents, Injuries, Deaths and Fine by Emirate",I,INJ,Traffic Injuries,NUMBER,Number,AE-FJ,Fujairah,A,Annual,_Z,Not Applicable,_Z,Not Applicable,_Z,Not Applicable,_Z,Not Applicable,_Z,Not Applicable,_Z,Not Applicable,_Z,Not Applicable,MOI,Ministry of Interior,2019,,179,,,,,,,
DATAFLOW,FCSA:DF_TRA(3.0.0),"Number of Traffic Accidents, Injuries, Deaths and Fine by Emirate",I,INJ,Traffic Injuries,NUMBER,Number,AE-FJ,Fujairah,A,Annual,_Z,Not Applicable,_Z,Not Applicable,_Z,Not Applicable,_Z,Not Applicable,_Z,Not Applicable,_Z,Not Applicable,_Z,Not Applicable,MOI,Ministry of Interior,2020,,169,,,,,,,
DATAFLOW,FCSA:DF_TRA(3.0.0),"Number of Traffic Accidents, Injuries, Deaths and Fine by Emirate",I,DEA,Traffic Deaths,NUMBER,Number,AE,UAE,A,Annual,_Z,Not Applicable,_Z,Not Applicable,_Z,Not Applicable,_Z,Not Applicable,_Z,Not Applicable,_Z,Not Applicable,_Z,Not Applicable,MOI,Ministry of Interior,2015,,675,,,,,,,
DATAFLOW,FCSA:DF_TRA(3.0.0),"Number of Traffic Accidents, Injuries, Deaths and Fine by Emirate",I,DEA,Traffic Deaths,NUMBER,Number,AE,UAE,A,Annual,_Z,Not Applicable,_Z,Not Applicable,_Z,Not Applicable,_Z,Not Applicable,_Z,Not Applicable,_Z,Not Applicable,_Z,Not Applicable,MOI,Ministry of Interior,2016,,725,,,,,,,
DATAFLOW,FCSA:DF_TRA(3.0.0),"Number of Traffic Accidents, Injuries, Deaths and Fine by Emirate",I,DEA,Traffic Deaths,NUMBER,Number,AE,UAE,A,Annual,_Z,Not Applicable,_Z,Not Applicable,_Z,Not Applicable,_Z,Not Applicable,_Z,Not Applicable,_Z,Not Applicable,_Z,Not Applicable,MOI,Ministry of Interior,2017,,543,,,,,,,
DATAFLOW,FCSA:DF_TRA(3.0.0),"Number of Traffic Accidents, Injuries, Deaths and Fine by Emirate",I,DEA,Traffic Deaths,NUMBER,Number,AE,UAE,A,Annual,_Z,Not Applicable,_Z,Not Applicable,_Z,Not Applicable,_Z,Not Applicable,_Z,Not Applicable,_Z,Not Applicable,_Z,Not Applicable,MOI,Ministry of Interior,2018,,468,,,,,,,
DATAFLOW,FCSA:DF_TRA(3.0.0),"Number of Traffic Accidents, Injuries, Deaths and Fine by Emirate",I,DEA,Traffic Deaths,NUMBER,Number,AE,UAE,A,Annual,_Z,Not Applicable,_Z,Not Applicable,_Z,Not Applicable,_Z,Not Applicable,_Z,Not Applicable,_Z,Not Applicable,_Z,Not Applicable,MOI,Ministry of Interior,2019,,448,,,,,,,
DATAFLOW,FCSA:DF_TRA(3.0.0),"Number of Traffic Accidents, Injuries, Deaths and Fine by Emirate",I,DEA,Traffic Deaths,NUMBER,Number,AE,UAE,A,Annual,_Z,Not Applicable,_Z,Not Applicable,_Z,Not Applicable,_Z,Not Applicable,_Z,Not Applicable,_Z,Not Applicable,_Z,Not Applicable,MOI,Ministry of Interior,2020,,354,,,,,,,
DATAFLOW,FCSA:DF_TRA(3.0.0),"Number of Traffic Accidents, Injuries, Deaths and Fine by Emirate",I,DEA,Traffic Deaths,NUMBER,Number,AE,UAE,A,Annual,_Z,Not Applicable,_Z,Not Applicable,_Z,Not Applicable,_Z,Not Applicable,_Z,Not Applicable,_Z,Not Applicable,_Z,Not Applicable,MOI,Ministry of Interior,2021,,381,,,,,,,
DATAFLOW,FCSA:DF_TRA(3.0.0),"Number of Traffic Accidents, Injuries, Deaths and Fine by Emirate",I,DEA,Traffic Deaths,NUMBER,Number,AE,UAE,A,Annual,_Z,Not Applicable,_Z,Not Applicable,_Z,Not Applicable,_Z,Not Applicable,_Z,Not Applicable,_Z,Not Applicable,_Z,Not Applicable,MOI,Ministry of Interior,2022,,343,,,,,,,
DATAFLOW,FCSA:DF_TRA(3.0.0),"Number of Traffic Accidents, Injuries, Deaths and Fine by Emirate",I,DEA,Traffic Deaths,NUMBER,Number,AE-AZ,Abu Dhabi,A,Annual,_Z,Not Applicable,_Z,Not Applicable,_Z,Not Applicable,_Z,Not Applicable,_Z,Not Applicable,_Z,Not Applicable,_Z,Not Applicable,MOI,Ministry of Interior,2015,,245,,,,,,,
DATAFLOW,FCSA:DF_TRA(3.0.0),"Number of Traffic Accidents, Injuries, Deaths and Fine by Emirate",I,DEA,Traffic Deaths,NUMBER,Number,AE-AZ,Abu Dhabi,A,Annual,_Z,Not Applicable,_Z,Not Applicable,_Z,Not Applicable,_Z,Not Applicable,_Z,Not Applicable,_Z,Not Applicable,_Z,Not Applicable,MOI,Ministry of Interior,2016,,289,,,,,,,
DATAFLOW,FCSA:DF_TRA(3.0.0),"Number of Traffic Accidents, Injuries, Deaths and Fine by Emirate",I,DEA,Traffic Deaths,NUMBER,Number,AE-AZ,Abu Dhabi,A,Annual,_Z,Not Applicable,_Z,Not Applicable,_Z,Not Applicable,_Z,Not Applicable,_Z,Not Applicable,_Z,Not Applicable,_Z,Not Applicable,MOI,Ministry of Interior,2017,,199,,,,,,,
DATAFLOW,FCSA:DF_TRA(3.0.0),"Number of Traffic Accidents, Injuries, Deaths and Fine by Emirate",I,DEA,Traffic Deaths,NUMBER,Number,AE-AZ,Abu Dhabi,A,Annual,_Z,Not Applicable,_Z,Not Applicable,_Z,Not Applicable,_Z,Not Applicable,_Z,Not Applicable,_Z,Not Applicable,_Z,Not Applicable,MOI,Ministry of Interior,2018,,156,,,,,,,
DATAFLOW,FCSA:DF_TRA(3.0.0),"Number of Traffic Accidents, Injuries, Deaths and Fine by Emirate",I,DEA,Traffic Deaths,NUMBER,Number,AE-AZ,Abu Dhabi,A,Annual,_Z,Not Applicable,_Z,Not Applicable,_Z,Not Applicable,_Z,Not Applicable,_Z,Not Applicable,_Z,Not Applicable,_Z,Not Applicable,MOI,Ministry of Interior,2019,,186,,,,,,,
DATAFLOW,FCSA:DF_TRA(3.0.0),"Number of Traffic Accidents, Injuries, Deaths and Fine by Emirate",I,DEA,Traffic Deaths,NUMBER,Number,AE-AZ,Abu Dhabi,A,Annual,_Z,Not Applicable,_Z,Not Applicable,_Z,Not Applicable,_Z,Not Applicable,_Z,Not Applicable,_Z,Not Applicable,_Z,Not Applicable,MOI,Ministry of Interior,2020,,157,,,,,,,
DATAFLOW,FCSA:DF_TRA(3.0.0),"Number of Traffic Accidents, Injuries, Deaths and Fine by Emirate",I,DEA,Traffic Deaths,NUMBER,Number,AE-DU,Dubai,A,Annual,_Z,Not Applicable,_Z,Not Applicable,_Z,Not Applicable,_Z,Not Applicable,_Z,Not Applicable,_Z,Not Applicable,_Z,Not Applicable,MOI,Ministry of Interior,2015,,166,,,,,,,
DATAFLOW,FCSA:DF_TRA(3.0.0),"Number of Traffic Accidents, Injuries, Deaths and Fine by Emirate",I,DEA,Traffic Deaths,NUMBER,Number,AE-DU,Dubai,A,Annual,_Z,Not Applicable,_Z,Not Applicable,_Z,Not Applicable,_Z,Not Applicable,_Z,Not Applicable,_Z,Not Applicable,_Z,Not Applicable,MOI,Ministry of Interior,2016,,198,,,,,,,
DATAFLOW,FCSA:DF_TRA(3.0.0),"Number of Traffic Accidents, Injuries, Deaths and Fine by Emirate",I,DEA,Traffic Deaths,NUMBER,Number,AE-DU,Dubai,A,Annual,_Z,Not Applicable,_Z,Not Applicable,_Z,Not Applicable,_Z,Not Applicable,_Z,Not Applicable,_Z,Not Applicable,_Z,Not Applicable,MOI,Ministry of Interior,2017,,148,,,,,,,
DATAFLOW,FCSA:DF_TRA(3.0.0),"Number of Traffic Accidents, Injuries, Deaths and Fine by Emirate",I,DEA,Traffic Deaths,NUMBER,Number,AE-DU,Dubai,A,Annual,_Z,Not Applicable,_Z,Not Applicable,_Z,Not Applicable,_Z,Not Applicable,_Z,Not Applicable,_Z,Not Applicable,_Z,Not Applicable,MOI,Ministry of Interior,2018,,141,,,,,,,
DATAFLOW,FCSA:DF_TRA(3.0.0),"Number of Traffic Accidents, Injuries, Deaths and Fine by Emirate",I,DEA,Traffic Deaths,NUMBER,Number,AE-DU,Dubai,A,Annual,_Z,Not Applicable,_Z,Not Applicable,_Z,Not Applicable,_Z,Not Applicable,_Z,Not Applicable,_Z,Not Applicable,_Z,Not Applicable,MOI,Ministry of Interior,2019,,132,,,,,,,
DATAFLOW,FCSA:DF_TRA(3.0.0),"Number of Traffic Accidents, Injuries, Deaths and Fine by Emirate",I,DEA,Traffic Deaths,NUMBER,Number,AE-DU,Dubai,A,Annual,_Z,Not Applicable,_Z,Not Applicable,_Z,Not Applicable,_Z,Not Applicable,_Z,Not Applicable,_Z,Not Applicable,_Z,Not Applicable,MOI,Ministry of Interior,2020,,98,,,,,,,
DATAFLOW,FCSA:DF_TRA(3.0.0),"Number of Traffic Accidents, Injuries, Deaths and Fine by Emirate",I,DEA,Traffic Deaths,NUMBER,Number,AE-SH,Sharjah,A,Annual,_Z,Not Applicable,_Z,Not Applicable,_Z,Not Applicable,_Z,Not Applicable,_Z,Not Applicable,_Z,Not Applicable,_Z,Not Applicable,MOI,Ministry of Interior,2015,,159,,,,,,,
DATAFLOW,FCSA:DF_TRA(3.0.0),"Number of Traffic Accidents, Injuries, Deaths and Fine by Emirate",I,DEA,Traffic Deaths,NUMBER,Number,AE-SH,Sharjah,A,Annual,_Z,Not Applicable,_Z,Not Applicable,_Z,Not Applicable,_Z,Not Applicable,_Z,Not Applicable,_Z,Not Applicable,_Z,Not Applicable,MOI,Ministry of Interior,2016,,132,,,,,,,
DATAFLOW,FCSA:DF_TRA(3.0.0),"Number of Traffic Accidents, Injuries, Deaths and Fine by Emirate",I,DEA,Traffic Deaths,NUMBER,Number,AE-SH,Sharjah,A,Annual,_Z,Not Applicable,_Z,Not Applicable,_Z,Not Applicable,_Z,Not Applicable,_Z,Not Applicable,_Z,Not Applicable,_Z,Not Applicable,MOI,Ministry of Interior,2017,,105,,,,,,,
DATAFLOW,FCSA:DF_TRA(3.0.0),"Number of Traffic Accidents, Injuries, Deaths and Fine by Emirate",I,DEA,Traffic Deaths,NUMBER,Number,AE-SH,Sharjah,A,Annual,_Z,Not Applicable,_Z,Not Applicable,_Z,Not Applicable,_Z,Not Applicable,_Z,Not Applicable,_Z,Not Applicable,_Z,Not Applicable,MOI,Ministry of Interior,2018,,83,,,,,,,
DATAFLOW,FCSA:DF_TRA(3.0.0),"Number of Traffic Accidents, Injuries, Deaths and Fine by Emirate",I,DEA,Traffic Deaths,NUMBER,Number,AE-SH,Sharjah,A,Annual,_Z,Not Applicable,_Z,Not Applicable,_Z,Not Applicable,_Z,Not Applicable,_Z,Not Applicable,_Z,Not Applicable,_Z,Not Applicable,MOI,Ministry of Interior,2019,,62,,,,,,,
DATAFLOW,FCSA:DF_TRA(3.0.0),"Number of Traffic Accidents, Injuries, Deaths and Fine by Emirate",I,DEA,Traffic Deaths,NUMBER,Number,AE-SH,Sharjah,A,Annual,_Z,Not Applicable,_Z,Not Applicable,_Z,Not Applicable,_Z,Not Applicable,_Z,Not Applicable,_Z,Not Applicable,_Z,Not Applicable,MOI,Ministry of Interior,2020,,48,,,,,,,
DATAFLOW,FCSA:DF_TRA(3.0.0),"Number of Traffic Accidents, Injuries, Deaths and Fine by Emirate",I,DEA,Traffic Deaths,NUMBER,Number,AE-AJ,Ajman,A,Annual,_Z,Not Applicable,_Z,Not Applicable,_Z,Not Applicable,_Z,Not Applicable,_Z,Not Applicable,_Z,Not Applicable,_Z,Not Applicable,MOI,Ministry of Interior,2015,,18,,,,,,,
DATAFLOW,FCSA:DF_TRA(3.0.0),"Number of Traffic Accidents, Injuries, Deaths and Fine by Emirate",I,DEA,Traffic Deaths,NUMBER,Number,AE-AJ,Ajman,A,Annual,_Z,Not Applicable,_Z,Not Applicable,_Z,Not Applicable,_Z,Not Applicable,_Z,Not Applicable,_Z,Not Applicable,_Z,Not Applicable,MOI,Ministry of Interior,2016,,19,,,,,,,
DATAFLOW,FCSA:DF_TRA(3.0.0),"Number of Traffic Accidents, Injuries, Deaths and Fine by Emirate",I,DEA,Traffic Deaths,NUMBER,Number,AE-AJ,Ajman,A,Annual,_Z,Not Applicable,_Z,Not Applicable,_Z,Not Applicable,_Z,Not Applicable,_Z,Not Applicable,_Z,Not Applicable,_Z,Not Applicable,MOI,Ministry of Interior,2017,,18,,,,,,,
DATAFLOW,FCSA:DF_TRA(3.0.0),"Number of Traffic Accidents, Injuries, Deaths and Fine by Emirate",I,DEA,Traffic Deaths,NUMBER,Number,AE-AJ,Ajman,A,Annual,_Z,Not Applicable,_Z,Not Applicable,_Z,Not Applicable,_Z,Not Applicable,_Z,Not Applicable,_Z,Not Applicable,_Z,Not Applicable,MOI,Ministry of Interior,2018,,17,,,,,,,
DATAFLOW,FCSA:DF_TRA(3.0.0),"Number of Traffic Accidents, Injuries, Deaths and Fine by Emirate",I,DEA,Traffic Deaths,NUMBER,Number,AE-AJ,Ajman,A,Annual,_Z,Not Applicable,_Z,Not Applicable,_Z,Not Applicable,_Z,Not Applicable,_Z,Not Applicable,_Z,Not Applicable,_Z,Not Applicable,MOI,Ministry of Interior,2019,,15,,,,,,,
DATAFLOW,FCSA:DF_TRA(3.0.0),"Number of Traffic Accidents, Injuries, Deaths and Fine by Emirate",I,DEA,Traffic Deaths,NUMBER,Number,AE-AJ,Ajman,A,Annual,_Z,Not Applicable,_Z,Not Applicable,_Z,Not Applicable,_Z,Not Applicable,_Z,Not Applicable,_Z,Not Applicable,_Z,Not Applicable,MOI,Ministry of Interior,2020,,10,,,,,,,
DATAFLOW,FCSA:DF_TRA(3.0.0),"Number of Traffic Accidents, Injuries, Deaths and Fine by Emirate",I,DEA,Traffic Deaths,NUMBER,Number,AE-UQ,Umm Al Quwain,A,Annual,_Z,Not Applicable,_Z,Not Applicable,_Z,Not Applicable,_Z,Not Applicable,_Z,Not Applicable,_Z,Not Applicable,_Z,Not Applicable,MOI,Ministry of Interior,2015,,12,,,,,,,
DATAFLOW,FCSA:DF_TRA(3.0.0),"Number of Traffic Accidents, Injuries, Deaths and Fine by Emirate",I,DEA,Traffic Deaths,NUMBER,Number,AE-UQ,Umm Al Quwain,A,Annual,_Z,Not Applicable,_Z,Not Applicable,_Z,Not Applicable,_Z,Not Applicable,_Z,Not Applicable,_Z,Not Applicable,_Z,Not Applicable,MOI,Ministry of Interior,2016,,15,,,,,,,
DATAFLOW,FCSA:DF_TRA(3.0.0),"Number of Traffic Accidents, Injuries, Deaths and Fine by Emirate",I,DEA,Traffic Deaths,NUMBER,Number,AE-UQ,Umm Al Quwain,A,Annual,_Z,Not Applicable,_Z,Not Applicable,_Z,Not Applicable,_Z,Not Applicable,_Z,Not Applicable,_Z,Not Applicable,_Z,Not Applicable,MOI,Ministry of Interior,2017,,16,,,,,,,
DATAFLOW,FCSA:DF_TRA(3.0.0),"Number of Traffic Accidents, Injuries, Deaths and Fine by Emirate",I,DEA,Traffic Deaths,NUMBER,Number,AE-UQ,Umm Al Quwain,A,Annual,_Z,Not Applicable,_Z,Not Applicable,_Z,Not Applicable,_Z,Not Applicable,_Z,Not Applicable,_Z,Not Applicable,_Z,Not Applicable,MOI,Ministry of Interior,2018,,18,,,,,,,
DATAFLOW,FCSA:DF_TRA(3.0.0),"Number of Traffic Accidents, Injuries, Deaths and Fine by Emirate",I,DEA,Traffic Deaths,NUMBER,Number,AE-UQ,Umm Al Quwain,A,Annual,_Z,Not Applicable,_Z,Not Applicable,_Z,Not Applicable,_Z,Not Applicable,_Z,Not Applicable,_Z,Not Applicable,_Z,Not Applicable,MOI,Ministry of Interior,2019,,9,,,,,,,
DATAFLOW,FCSA:DF_TRA(3.0.0),"Number of Traffic Accidents, Injuries, Deaths and Fine by Emirate",I,DEA,Traffic Deaths,NUMBER,Number,AE-UQ,Umm Al Quwain,A,Annual,_Z,Not Applicable,_Z,Not Applicable,_Z,Not Applicable,_Z,Not Applicable,_Z,Not Applicable,_Z,Not Applicable,_Z,Not Applicable,MOI,Ministry of Interior,2020,,9,,,,,,,
DATAFLOW,FCSA:DF_TRA(3.0.0),"Number of Traffic Accidents, Injuries, Deaths and Fine by Emirate",I,DEA,Traffic Deaths,NUMBER,Number,AE-RK,Ras Al Khaimah,A,Annual,_Z,Not Applicable,_Z,Not Applicable,_Z,Not Applicable,_Z,Not Applicable,_Z,Not Applicable,_Z,Not Applicable,_Z,Not Applicable,MOI,Ministry of Interior,2015,,56,,,,,,,
DATAFLOW,FCSA:DF_TRA(3.0.0),"Number of Traffic Accidents, Injuries, Deaths and Fine by Emirate",I,DEA,Traffic Deaths,NUMBER,Number,AE-RK,Ras Al Khaimah,A,Annual,_Z,Not Applicable,_Z,Not Applicable,_Z,Not Applicable,_Z,Not Applicable,_Z,Not Applicable,_Z,Not Applicable,_Z,Not Applicable,MOI,Ministry of Interior,2016,,60,,,,,,,
DATAFLOW,FCSA:DF_TRA(3.0.0),"Number of Traffic Accidents, Injuries, Deaths and Fine by Emirate",I,DEA,Traffic Deaths,NUMBER,Number,AE-RK,Ras Al Khaimah,A,Annual,_Z,Not Applicable,_Z,Not Applicable,_Z,Not Applicable,_Z,Not Applicable,_Z,Not Applicable,_Z,Not Applicable,_Z,Not Applicable,MOI,Ministry of Interior,2017,,46,,,,,,,
DATAFLOW,FCSA:DF_TRA(3.0.0),"Number of Traffic Accidents, Injuries, Deaths and Fine by Emirate",I,DEA,Traffic Deaths,NUMBER,Number,AE-RK,Ras Al Khaimah,A,Annual,_Z,Not Applicable,_Z,Not Applicable,_Z,Not Applicable,_Z,Not Applicable,_Z,Not Applicable,_Z,Not Applicable,_Z,Not Applicable,MOI,Ministry of Interior,2018,,45,,,,,,,
DATAFLOW,FCSA:DF_TRA(3.0.0),"Number of Traffic Accidents, Injuries, Deaths and Fine by Emirate",I,DEA,Traffic Deaths,NUMBER,Number,AE-RK,Ras Al Khaimah,A,Annual,_Z,Not Applicable,_Z,Not Applicable,_Z,Not Applicable,_Z,Not Applicable,_Z,Not Applicable,_Z,Not Applicable,_Z,Not Applicable,MOI,Ministry of Interior,2019,,37,,,,,,,
DATAFLOW,FCSA:DF_TRA(3.0.0),"Number of Traffic Accidents, Injuries, Deaths and Fine by Emirate",I,DEA,Traffic Deaths,NUMBER,Number,AE-RK,Ras Al Khaimah,A,Annual,_Z,Not Applicable,_Z,Not Applicable,_Z,Not Applicable,_Z,Not Applicable,_Z,Not Applicable,_Z,Not Applicable,_Z,Not Applicable,MOI,Ministry of Interior,2020,,26,,,,,,,
DATAFLOW,FCSA:DF_TRA(3.0.0),"Number of Traffic Accidents, Injuries, Deaths and Fine by Emirate",I,DEA,Traffic Deaths,NUMBER,Number,AE-FJ,Fujairah,A,Annual,_Z,Not Applicable,_Z,Not Applicable,_Z,Not Applicable,_Z,Not Applicable,_Z,Not Applicable,_Z,Not Applicable,_Z,Not Applicable,MOI,Ministry of Interior,2015,,19,,,,,,,
DATAFLOW,FCSA:DF_TRA(3.0.0),"Number of Traffic Accidents, Injuries, Deaths and Fine by Emirate",I,DEA,Traffic Deaths,NUMBER,Number,AE-FJ,Fujairah,A,Annual,_Z,Not Applicable,_Z,Not Applicable,_Z,Not Applicable,_Z,Not Applicable,_Z,Not Applicable,_Z,Not Applicable,_Z,Not Applicable,MOI,Ministry of Interior,2016,,12,,,,,,,
DATAFLOW,FCSA:DF_TRA(3.0.0),"Number of Traffic Accidents, Injuries, Deaths and Fine by Emirate",I,DEA,Traffic Deaths,NUMBER,Number,AE-FJ,Fujairah,A,Annual,_Z,Not Applicable,_Z,Not Applicable,_Z,Not Applicable,_Z,Not Applicable,_Z,Not Applicable,_Z,Not Applicable,_Z,Not Applicable,MOI,Ministry of Interior,2017,,11,,,,,,,
DATAFLOW,FCSA:DF_TRA(3.0.0),"Number of Traffic Accidents, Injuries, Deaths and Fine by Emirate",I,DEA,Traffic Deaths,NUMBER,Number,AE-FJ,Fujairah,A,Annual,_Z,Not Applicable,_Z,Not Applicable,_Z,Not Applicable,_Z,Not Applicable,_Z,Not Applicable,_Z,Not Applicable,_Z,Not Applicable,MOI,Ministry of Interior,2018,,8,,,,,,,
DATAFLOW,FCSA:DF_TRA(3.0.0),"Number of Traffic Accidents, Injuries, Deaths and Fine by Emirate",I,DEA,Traffic Deaths,NUMBER,Number,AE-FJ,Fujairah,A,Annual,_Z,Not Applicable,_Z,Not Applicable,_Z,Not Applicable,_Z,Not Applicable,_Z,Not Applicable,_Z,Not Applicable,_Z,Not Applicable,MOI,Ministry of Interior,2019,,7,,,,,,,
DATAFLOW,FCSA:DF_TRA(3.0.0),"Number of Traffic Accidents, Injuries, Deaths and Fine by Emirate",I,DEA,Traffic Deaths,NUMBER,Number,AE-FJ,Fujairah,A,Annual,_Z,Not Applicable,_Z,Not Applicable,_Z,Not Applicable,_Z,Not Applicable,_Z,Not Applicable,_Z,Not Applicable,_Z,Not Applicable,MOI,Ministry of Interior,2020,,6,,,,,,,
DATAFLOW,FCSA:DF_TRA(3.0.0),"Number of Traffic Accidents, Injuries, Deaths and Fine by Emirate",I,FIN,Traffic Fines,NUMBER,Number,AE,UAE,A,Annual,_Z,Not Applicable,_Z,Not Applicable,_Z,Not Applicable,_Z,Not Applicable,_Z,Not Applicable,_Z,Not Applicable,_Z,Not Applicable,MOI,Ministry of Interior,2015,,12377039,,,,,,,
DATAFLOW,FCSA:DF_TRA(3.0.0),"Number of Traffic Accidents, Injuries, Deaths and Fine by Emirate",I,FIN,Traffic Fines,NUMBER,Number,AE,UAE,A,Annual,_Z,Not Applicable,_Z,Not Applicable,_Z,Not Applicable,_Z,Not Applicable,_Z,Not Applicable,_Z,Not Applicable,_Z,Not Applicable,MOI,Ministry of Interior,2016,,12098575,,,,,,,
DATAFLOW,FCSA:DF_TRA(3.0.0),"Number of Traffic Accidents, Injuries, Deaths and Fine by Emirate",I,FIN,Traffic Fines,NUMBER,Number,AE,UAE,A,Annual,_Z,Not Applicable,_Z,Not Applicable,_Z,Not Applicable,_Z,Not Applicable,_Z,Not Applicable,_Z,Not Applicable,_Z,Not Applicable,MOI,Ministry of Interior,2017,,11780634,,,,,,,
DATAFLOW,FCSA:DF_TRA(3.0.0),"Number of Traffic Accidents, Injuries, Deaths and Fine by Emirate",I,FIN,Traffic Fines,NUMBER,Number,AE,UAE,A,Annual,_Z,Not Applicable,_Z,Not Applicable,_Z,Not Applicable,_Z,Not Applicable,_Z,Not Applicable,_Z,Not Applicable,_Z,Not Applicable,MOI,Ministry of Interior,2018,,12133655,,,,,,,
DATAFLOW,FCSA:DF_TRA(3.0.0),"Number of Traffic Accidents, Injuries, Deaths and Fine by Emirate",I,FIN,Traffic Fines,NUMBER,Number,AE,UAE,A,Annual,_Z,Not Applicable,_Z,Not Applicable,_Z,Not Applicable,_Z,Not Applicable,_Z,Not Applicable,_Z,Not Applicable,_Z,Not Applicable,MOI,Ministry of Interior,2019,,12097448,,,,,,,
DATAFLOW,FCSA:DF_TRA(3.0.0),"Number of Traffic Accidents, Injuries, Deaths and Fine by Emirate",I,FIN,Traffic Fines,NUMBER,Number,AE,UAE,A,Annual,_Z,Not Applicable,_Z,Not Applicable,_Z,Not Applicable,_Z,Not Applicable,_Z,Not Applicable,_Z,Not Applicable,_Z,Not Applicable,MOI,Ministry of Interior,2020,,9666090,,,,,,,
DATAFLOW,FCSA:DF_TRA(3.0.0),"Number of Traffic Accidents, Injuries, Deaths and Fine by Emirate",I,FIN,Traffic Fines,NUMBER,Number,AE,UAE,A,Annual,_Z,Not Applicable,_Z,Not Applicable,_Z,Not Applicable,_Z,Not Applicable,_Z,Not Applicable,_Z,Not Applicable,_Z,Not Applicable,MOI,Ministry of Interior,2021,,12361383,,,,,,,
DATAFLOW,FCSA:DF_TRA(3.0.0),"Number of Traffic Accidents, Injuries, Deaths and Fine by Emirate",I,FIN,Traffic Fines,NUMBER,Number,AE,UAE,A,Annual,_Z,Not Applicable,_Z,Not Applicable,_Z,Not Applicable,_Z,Not Applicable,_Z,Not Applicable,_Z,Not Applicable,_Z,Not Applicable,MOI,Ministry of Interior,2022,,12783332,,,,,,,
DATAFLOW,FCSA:DF_TRA(3.0.0),"Number of Traffic Accidents, Injuries, Deaths and Fine by Emirate",I,FIN,Traffic Fines,NUMBER,Number,AE-AZ,Abu Dhabi,A,Annual,_Z,Not Applicable,_Z,Not Applicable,_Z,Not Applicable,_Z,Not Applicable,_Z,Not Applicable,_Z,Not Applicable,_Z,Not Applicable,MOI,Ministry of Interior,2015,,5790517,,,,,,,
DATAFLOW,FCSA:DF_TRA(3.0.0),"Number of Traffic Accidents, Injuries, Deaths and Fine by Emirate",I,FIN,Traffic Fines,NUMBER,Number,AE-AZ,Abu Dhabi,A,Annual,_Z,Not Applicable,_Z,Not Applicable,_Z,Not Applicable,_Z,Not Applicable,_Z,Not Applicable,_Z,Not Applicable,_Z,Not Applicable,MOI,Ministry of Interior,2016,,4688760,,,,,,,
DATAFLOW,FCSA:DF_TRA(3.0.0),"Number of Traffic Accidents, Injuries, Deaths and Fine by Emirate",I,FIN,Traffic Fines,NUMBER,Number,AE-AZ,Abu Dhabi,A,Annual,_Z,Not Applicable,_Z,Not Applicable,_Z,Not Applicable,_Z,Not Applicable,_Z,Not Applicable,_Z,Not Applicable,_Z,Not Applicable,MOI,Ministry of Interior,2017,,4638812,,,,,,,
DATAFLOW,FCSA:DF_TRA(3.0.0),"Number of Traffic Accidents, Injuries, Deaths and Fine by Emirate",I,FIN,Traffic Fines,NUMBER,Number,AE-AZ,Abu Dhabi,A,Annual,_Z,Not Applicable,_Z,Not Applicable,_Z,Not Applicable,_Z,Not Applicable,_Z,Not Applicable,_Z,Not Applicable,_Z,Not Applicable,MOI,Ministry of Interior,2018,,5671103,,,,,,,
DATAFLOW,FCSA:DF_TRA(3.0.0),"Number of Traffic Accidents, Injuries, Deaths and Fine by Emirate",I,FIN,Traffic Fines,NUMBER,Number,AE-AZ,Abu Dhabi,A,Annual,_Z,Not Applicable,_Z,Not Applicable,_Z,Not Applicable,_Z,Not Applicable,_Z,Not Applicable,_Z,Not Applicable,_Z,Not Applicable,MOI,Ministry of Interior,2019,,6069455,,,,,,,
DATAFLOW,FCSA:DF_TRA(3.0.0),"Number of Traffic Accidents, Injuries, Deaths and Fine by Emirate",I,FIN,Traffic Fines,NUMBER,Number,AE-AZ,Abu Dhabi,A,Annual,_Z,Not Applicable,_Z,Not Applicable,_Z,Not Applicable,_Z,Not Applicable,_Z,Not Applicable,_Z,Not Applicable,_Z,Not Applicable,MOI,Ministry of Interior,2020,,4695332,,,,,,,
DATAFLOW,FCSA:DF_TRA(3.0.0),"Number of Traffic Accidents, Injuries, Deaths and Fine by Emirate",I,FIN,Traffic Fines,NUMBER,Number,AE-DU,Dubai,A,Annual,_Z,Not Applicable,_Z,Not Applicable,_Z,Not Applicable,_Z,Not Applicable,_Z,Not Applicable,_Z,Not Applicable,_Z,Not Applicable,MOI,Ministry of Interior,2015,,3948447,,,,,,,
DATAFLOW,FCSA:DF_TRA(3.0.0),"Number of Traffic Accidents, Injuries, Deaths and Fine by Emirate",I,FIN,Traffic Fines,NUMBER,Number,AE-DU,Dubai,A,Annual,_Z,Not Applicable,_Z,Not Applicable,_Z,Not Applicable,_Z,Not Applicable,_Z,Not Applicable,_Z,Not Applicable,_Z,Not Applicable,MOI,Ministry of Interior,2016,,4610975,,,,,,,
DATAFLOW,FCSA:DF_TRA(3.0.0),"Number of Traffic Accidents, Injuries, Deaths and Fine by Emirate",I,FIN,Traffic Fines,NUMBER,Number,AE-DU,Dubai,A,Annual,_Z,Not Applicable,_Z,Not Applicable,_Z,Not Applicable,_Z,Not Applicable,_Z,Not Applicable,_Z,Not Applicable,_Z,Not Applicable,MOI,Ministry of Interior,2017,,4079414,,,,,,,
DATAFLOW,FCSA:DF_TRA(3.0.0),"Number of Traffic Accidents, Injuries, Deaths and Fine by Emirate",I,FIN,Traffic Fines,NUMBER,Number,AE-DU,Dubai,A,Annual,_Z,Not Applicable,_Z,Not Applicable,_Z,Not Applicable,_Z,Not Applicable,_Z,Not Applicable,_Z,Not Applicable,_Z,Not Applicable,MOI,Ministry of Interior,2018,,3407741,,,,,,,
DATAFLOW,FCSA:DF_TRA(3.0.0),"Number of Traffic Accidents, Injuries, Deaths and Fine by Emirate",I,FIN,Traffic Fines,NUMBER,Number,AE-DU,Dubai,A,Annual,_Z,Not Applicable,_Z,Not Applicable,_Z,Not Applicable,_Z,Not Applicable,_Z,Not Applicable,_Z,Not Applicable,_Z,Not Applicable,MOI,Ministry of Interior,2019,,3547869,,,,,,,
DATAFLOW,FCSA:DF_TRA(3.0.0),"Number of Traffic Accidents, Injuries, Deaths and Fine by Emirate",I,FIN,Traffic Fines,NUMBER,Number,AE-DU,Dubai,A,Annual,_Z,Not Applicable,_Z,Not Applicable,_Z,Not Applicable,_Z,Not Applicable,_Z,Not Applicable,_Z,Not Applicable,_Z,Not Applicable,MOI,Ministry of Interior,2020,,2614604,,,,,,,
DATAFLOW,FCSA:DF_TRA(3.0.0),"Number of Traffic Accidents, Injuries, Deaths and Fine by Emirate",I,FIN,Traffic Fines,NUMBER,Number,AE-SH,Sharjah,A,Annual,_Z,Not Applicable,_Z,Not Applicable,_Z,Not Applicable,_Z,Not Applicable,_Z,Not Applicable,_Z,Not Applicable,_Z,Not Applicable,MOI,Ministry of Interior,2015,,1436656,,,,,,,
DATAFLOW,FCSA:DF_TRA(3.0.0),"Number of Traffic Accidents, Injuries, Deaths and Fine by Emirate",I,FIN,Traffic Fines,NUMBER,Number,AE-SH,Sharjah,A,Annual,_Z,Not Applicable,_Z,Not Applicable,_Z,Not Applicable,_Z,Not Applicable,_Z,Not Applicable,_Z,Not Applicable,_Z,Not Applicable,MOI,Ministry of Interior,2016,,1506833,,,,,,,
DATAFLOW,FCSA:DF_TRA(3.0.0),"Number of Traffic Accidents, Injuries, Deaths and Fine by Emirate",I,FIN,Traffic Fines,NUMBER,Number,AE-SH,Sharjah,A,Annual,_Z,Not Applicable,_Z,Not Applicable,_Z,Not Applicable,_Z,Not Applicable,_Z,Not Applicable,_Z,Not Applicable,_Z,Not Applicable,MOI,Ministry of Interior,2017,,1840752,,,,,,,
DATAFLOW,FCSA:DF_TRA(3.0.0),"Number of Traffic Accidents, Injuries, Deaths and Fine by Emirate",I,FIN,Traffic Fines,NUMBER,Number,AE-SH,Sharjah,A,Annual,_Z,Not Applicable,_Z,Not Applicable,_Z,Not Applicable,_Z,Not Applicable,_Z,Not Applicable,_Z,Not Applicable,_Z,Not Applicable,MOI,Ministry of Interior,2018,,1591713,,,,,,,
DATAFLOW,FCSA:DF_TRA(3.0.0),"Number of Traffic Accidents, Injuries, Deaths and Fine by Emirate",I,FIN,Traffic Fines,NUMBER,Number,AE-SH,Sharjah,A,Annual,_Z,Not Applicable,_Z,Not Applicable,_Z,Not Applicable,_Z,Not Applicable,_Z,Not Applicable,_Z,Not Applicable,_Z,Not Applicable,MOI,Ministry of Interior,2019,,1259742,,,,,,,
DATAFLOW,FCSA:DF_TRA(3.0.0),"Number of Traffic Accidents, Injuries, Deaths and Fine by Emirate",I,FIN,Traffic Fines,NUMBER,Number,AE-SH,Sharjah,A,Annual,_Z,Not Applicable,_Z,Not Applicable,_Z,Not Applicable,_Z,Not Applicable,_Z,Not Applicable,_Z,Not Applicable,_Z,Not Applicable,MOI,Ministry of Interior,2020,,1012937,,,,,,,
DATAFLOW,FCSA:DF_TRA(3.0.0),"Number of Traffic Accidents, Injuries, Deaths and Fine by Emirate",I,FIN,Traffic Fines,NUMBER,Number,AE-AJ,Ajman,A,Annual,_Z,Not Applicable,_Z,Not Applicable,_Z,Not Applicable,_Z,Not Applicable,_Z,Not Applicable,_Z,Not Applicable,_Z,Not Applicable,MOI,Ministry of Interior,2015,,349004,,,,,,,
DATAFLOW,FCSA:DF_TRA(3.0.0),"Number of Traffic Accidents, Injuries, Deaths and Fine by Emirate",I,FIN,Traffic Fines,NUMBER,Number,AE-AJ,Ajman,A,Annual,_Z,Not Applicable,_Z,Not Applicable,_Z,Not Applicable,_Z,Not Applicable,_Z,Not Applicable,_Z,Not Applicable,_Z,Not Applicable,MOI,Ministry of Interior,2016,,442025,,,,,,,
DATAFLOW,FCSA:DF_TRA(3.0.0),"Number of Traffic Accidents, Injuries, Deaths and Fine by Emirate",I,FIN,Traffic Fines,NUMBER,Number,AE-AJ,Ajman,A,Annual,_Z,Not Applicable,_Z,Not Applicable,_Z,Not Applicable,_Z,Not Applicable,_Z,Not Applicable,_Z,Not Applicable,_Z,Not Applicable,MOI,Ministry of Interior,2017,,425161,,,,,,,
DATAFLOW,FCSA:DF_TRA(3.0.0),"Number of Traffic Accidents, Injuries, Deaths and Fine by Emirate",I,FIN,Traffic Fines,NUMBER,Number,AE-AJ,Ajman,A,Annual,_Z,Not Applicable,_Z,Not Applicable,_Z,Not Applicable,_Z,Not Applicable,_Z,Not Applicable,_Z,Not Applicable,_Z,Not Applicable,MOI,Ministry of Interior,2018,,579913,,,,,,,
DATAFLOW,FCSA:DF_TRA(3.0.0),"Number of Traffic Accidents, Injuries, Deaths and Fine by Emirate",I,FIN,Traffic Fines,NUMBER,Number,AE-AJ,Ajman,A,Annual,_Z,Not Applicable,_Z,Not Applicable,_Z,Not Applicable,_Z,Not Applicable,_Z,Not Applicable,_Z,Not Applicable,_Z,Not Applicable,MOI,Ministry of Interior,2019,,573557,,,,,,,
DATAFLOW,FCSA:DF_TRA(3.0.0),"Number of Traffic Accidents, Injuries, Deaths and Fine by Emirate",I,FIN,Traffic Fines,NUMBER,Number,AE-AJ,Ajman,A,Annual,_Z,Not Applicable,_Z,Not Applicable,_Z,Not Applicable,_Z,Not Applicable,_Z,Not Applicable,_Z,Not Applicable,_Z,Not Applicable,MOI,Ministry of Interior,2020,,606822,,,,,,,
DATAFLOW,FCSA:DF_TRA(3.0.0),"Number of Traffic Accidents, Injuries, Deaths and Fine by Emirate",I,FIN,Traffic Fines,NUMBER,Number,AE-UQ,Umm Al Quwain,A,Annual,_Z,Not Applicable,_Z,Not Applicable,_Z,Not Applicable,_Z,Not Applicable,_Z,Not Applicable,_Z,Not Applicable,_Z,Not Applicable,MOI,Ministry of Interior,2015,,254167,,,,,,,
DATAFLOW,FCSA:DF_TRA(3.0.0),"Number of Traffic Accidents, Injuries, Deaths and Fine by Emirate",I,FIN,Traffic Fines,NUMBER,Number,AE-UQ,Umm Al Quwain,A,Annual,_Z,Not Applicable,_Z,Not Applicable,_Z,Not Applicable,_Z,Not Applicable,_Z,Not Applicable,_Z,Not Applicable,_Z,Not Applicable,MOI,Ministry of Interior,2016,,187211,,,,,,,
DATAFLOW,FCSA:DF_TRA(3.0.0),"Number of Traffic Accidents, Injuries, Deaths and Fine by Emirate",I,FIN,Traffic Fines,NUMBER,Number,AE-UQ,Umm Al Quwain,A,Annual,_Z,Not Applicable,_Z,Not Applicable,_Z,Not Applicable,_Z,Not Applicable,_Z,Not Applicable,_Z,Not Applicable,_Z,Not Applicable,MOI,Ministry of Interior,2017,,181266,,,,,,,
DATAFLOW,FCSA:DF_TRA(3.0.0),"Number of Traffic Accidents, Injuries, Deaths and Fine by Emirate",I,FIN,Traffic Fines,NUMBER,Number,AE-UQ,Umm Al Quwain,A,Annual,_Z,Not Applicable,_Z,Not Applicable,_Z,Not Applicable,_Z,Not Applicable,_Z,Not Applicable,_Z,Not Applicable,_Z,Not Applicable,MOI,Ministry of Interior,2018,,227961,,,,,,,
DATAFLOW,FCSA:DF_TRA(3.0.0),"Number of Traffic Accidents, Injuries, Deaths and Fine by Emirate",I,FIN,Traffic Fines,NUMBER,Number,AE-UQ,Umm Al Quwain,A,Annual,_Z,Not Applicable,_Z,Not Applicable,_Z,Not Applicable,_Z,Not Applicable,_Z,Not Applicable,_Z,Not Applicable,_Z,Not Applicable,MOI,Ministry of Interior,2019,,155837,,,,,,,
DATAFLOW,FCSA:DF_TRA(3.0.0),"Number of Traffic Accidents, Injuries, Deaths and Fine by Emirate",I,FIN,Traffic Fines,NUMBER,Number,AE-UQ,Umm Al Quwain,A,Annual,_Z,Not Applicable,_Z,Not Applicable,_Z,Not Applicable,_Z,Not Applicable,_Z,Not Applicable,_Z,Not Applicable,_Z,Not Applicable,MOI,Ministry of Interior,2020,,213752,,,,,,,
DATAFLOW,FCSA:DF_TRA(3.0.0),"Number of Traffic Accidents, Injuries, Deaths and Fine by Emirate",I,FIN,Traffic Fines,NUMBER,Number,AE-RK,Ras Al Khaimah,A,Annual,_Z,Not Applicable,_Z,Not Applicable,_Z,Not Applicable,_Z,Not Applicable,_Z,Not Applicable,_Z,Not Applicable,_Z,Not Applicable,MOI,Ministry of Interior,2015,,236512,,,,,,,
DATAFLOW,FCSA:DF_TRA(3.0.0),"Number of Traffic Accidents, Injuries, Deaths and Fine by Emirate",I,FIN,Traffic Fines,NUMBER,Number,AE-RK,Ras Al Khaimah,A,Annual,_Z,Not Applicable,_Z,Not Applicable,_Z,Not Applicable,_Z,Not Applicable,_Z,Not Applicable,_Z,Not Applicable,_Z,Not Applicable,MOI,Ministry of Interior,2016,,300804,,,,,,,
DATAFLOW,FCSA:DF_TRA(3.0.0),"Number of Traffic Accidents, Injuries, Deaths and Fine by Emirate",I,FIN,Traffic Fines,NUMBER,Number,AE-RK,Ras Al Khaimah,A,Annual,_Z,Not Applicable,_Z,Not Applicable,_Z,Not Applicable,_Z,Not Applicable,_Z,Not Applicable,_Z,Not Applicable,_Z,Not Applicable,MOI,Ministry of Interior,2017,,340608,,,,,,,
DATAFLOW,FCSA:DF_TRA(3.0.0),"Number of Traffic Accidents, Injuries, Deaths and Fine by Emirate",I,FIN,Traffic Fines,NUMBER,Number,AE-RK,Ras Al Khaimah,A,Annual,_Z,Not Applicable,_Z,Not Applicable,_Z,Not Applicable,_Z,Not Applicable,_Z,Not Applicable,_Z,Not Applicable,_Z,Not Applicable,MOI,Ministry of Interior,2018,,397099,,,,,,,
DATAFLOW,FCSA:DF_TRA(3.0.0),"Number of Traffic Accidents, Injuries, Deaths and Fine by Emirate",I,FIN,Traffic Fines,NUMBER,Number,AE-RK,Ras Al Khaimah,A,Annual,_Z,Not Applicable,_Z,Not Applicable,_Z,Not Applicable,_Z,Not Applicable,_Z,Not Applicable,_Z,Not Applicable,_Z,Not Applicable,MOI,Ministry of Interior,2019,,270173,,,,,,,
DATAFLOW,FCSA:DF_TRA(3.0.0),"Number of Traffic Accidents, Injuries, Deaths and Fine by Emirate",I,FIN,Traffic Fines,NUMBER,Number,AE-RK,Ras Al Khaimah,A,Annual,_Z,Not Applicable,_Z,Not Applicable,_Z,Not Applicable,_Z,Not Applicable,_Z,Not Applicable,_Z,Not Applicable,_Z,Not Applicable,MOI,Ministry of Interior,2020,,322669,,,,,,,
DATAFLOW,FCSA:DF_TRA(3.0.0),"Number of Traffic Accidents, Injuries, Deaths and Fine by Emirate",I,FIN,Traffic Fines,NUMBER,Number,AE-FJ,Fujairah,A,Annual,_Z,Not Applicable,_Z,Not Applicable,_Z,Not Applicable,_Z,Not Applicable,_Z,Not Applicable,_Z,Not Applicable,_Z,Not Applicable,MOI,Ministry of Interior,2015,,361736,,,,,,,
DATAFLOW,FCSA:DF_TRA(3.0.0),"Number of Traffic Accidents, Injuries, Deaths and Fine by Emirate",I,FIN,Traffic Fines,NUMBER,Number,AE-FJ,Fujairah,A,Annual,_Z,Not Applicable,_Z,Not Applicable,_Z,Not Applicable,_Z,Not Applicable,_Z,Not Applicable,_Z,Not Applicable,_Z,Not Applicable,MOI,Ministry of Interior,2016,,361967,,,,,,,
DATAFLOW,FCSA:DF_TRA(3.0.0),"Number of Traffic Accidents, Injuries, Deaths and Fine by Emirate",I,FIN,Traffic Fines,NUMBER,Number,AE-FJ,Fujairah,A,Annual,_Z,Not Applicable,_Z,Not Applicable,_Z,Not Applicable,_Z,Not Applicable,_Z,Not Applicable,_Z,Not Applicable,_Z,Not Applicable,MOI,Ministry of Interior,2017,,274621,,,,,,,
DATAFLOW,FCSA:DF_TRA(3.0.0),"Number of Traffic Accidents, Injuries, Deaths and Fine by Emirate",I,FIN,Traffic Fines,NUMBER,Number,AE-FJ,Fujairah,A,Annual,_Z,Not Applicable,_Z,Not Applicable,_Z,Not Applicable,_Z,Not Applicable,_Z,Not Applicable,_Z,Not Applicable,_Z,Not Applicable,MOI,Ministry of Interior,2018,,258125,,,,,,,
DATAFLOW,FCSA:DF_TRA(3.0.0),"Number of Traffic Accidents, Injuries, Deaths and Fine by Emirate",I,FIN,Traffic Fines,NUMBER,Number,AE-FJ,Fujairah,A,Annual,_Z,Not Applicable,_Z,Not Applicable,_Z,Not Applicable,_Z,Not Applicable,_Z,Not Applicable,_Z,Not Applicable,_Z,Not Applicable,MOI,Ministry of Interior,2019,,220815,,,,,,,
DATAFLOW,FCSA:DF_TRA(3.0.0),"Number of Traffic Accidents, Injuries, Deaths and Fine by Emirate",I,FIN,Traffic Fines,NUMBER,Number,AE-FJ,Fujairah,A,Annual,_Z,Not Applicable,_Z,Not Applicable,_Z,Not Applicable,_Z,Not Applicable,_Z,Not Applicable,_Z,Not Applicable,_Z,Not Applicable,MOI,Ministry of Interior,2020,,199974,,,,,,,
